,LSTM_5,LSTM_30,Conv1D_LSTM_30,LSTM_90,Conv1D_LSTM_90,LSTM_180,Conv1D_LSTM_180
2023-01-01,16558.57430101186,16563.602497292217,16564.941903049126,16556.53856207058,16584.707507885993,16563.365783461835,16571.049119872972
2023-01-02,16632.85096680955,16639.076001585927,16644.07822628366,16630.859193504788,16662.3728127277,16641.045974386856,16648.743534103967
2023-01-03,16696.56764552137,16702.211632149993,16706.309838866582,16694.361377924914,16725.786267874064,16704.523339045467,16712.220407873858
2023-01-04,16689.729797851993,16694.458198672393,16698.830676975194,16687.272142926,16717.050330767175,16695.943528955337,16703.58890370489
2023-01-05,16872.78699086141,16879.959579470567,16881.061199021526,16873.832323282026,16900.69736649189,16879.58165159542,16887.224639793858
2023-01-06,16845.62374645006,16853.87892973167,16855.48661312787,16847.717146927258,16874.01812473475,16853.18046054081,16860.67696177028
2023-01-07,16960.682578235865,16970.134010206908,16969.285260703415,16963.80476390943,16989.378394782543,16968.701240211725,16976.069194234908
2023-01-08,16958.326197927818,16970.740425633267,16973.357883282006,16963.73897907324,16992.365274578333,16971.977401757613,16979.178947396576
2023-01-09,17092.297712779604,17105.722294225823,17108.28944745427,17099.77098106686,17128.57810765179,17108.24666156713,17115.43469060678
2023-01-10,17203.364751180634,17214.873389802873,17214.867239835672,17209.447068742476,17234.07563739363,17213.846345280297,17220.98645720072
2023-01-11,17456.232142698485,17465.34357209131,17463.188940534368,17462.56709223753,17484.217395816464,17463.952212524135,17471.073311415035
2023-01-12,17950.251645392273,17955.019399370067,17951.56010522833,17959.383070163196,17973.812474466395,17953.202094042208,17960.36441504024
2023-01-13,18890.867500000633,18892.122682033572,18883.90326420497,18903.887201804668,18910.62874401384,18888.995974102058,18896.3718556182
2023-01-14,19930.291681451257,19933.431697851047,19923.515606756322,19955.47352121072,19953.031286233105,19930.270320795476,19937.815379098523
2023-01-15,20998.573902840726,20993.955350640463,20988.16403125995,21030.34114006441,21022.129269232973,20998.396362393396,21006.02309991955
2023-01-16,20913.86765342136,20888.164327112725,20889.89182163705,20947.29492138559,20926.338471241063,20903.07454642211,20910.459958891384
2023-01-17,21203.996903658845,21171.275687093846,21178.579034366645,21242.16913270112,21215.714056868106,21192.489210651256,21199.726943884976
2023-01-18,21202.550428769086,21158.57307638973,21170.785223631654,21237.74896016065,21207.532661944628,21184.581594890915,21191.59456108231
2023-01-19,20735.76416812092,20683.494746850803,20698.43432829529,20760.36052730307,20733.741806291044,20711.831242270768,20718.164687611163
2023-01-20,21127.794608129654,21083.866973517463,21097.041493288707,21154.990778594278,21132.580772152636,21110.76400873065,21116.698952668812
2023-01-21,22702.879742035875,22671.523327069008,22690.406920047244,22754.890382491285,22725.751988859847,22702.7229532029,22708.67552234442
2023-01-22,22820.61370074749,22774.94770976901,22790.134407803416,22861.329691633582,22827.008242830634,22804.107364729047,22809.877386778593
2023-01-23,22765.23872812302,22721.881305821473,22732.63128140336,22801.42679155199,22769.634598712437,22747.00520944898,22752.584687831113
2023-01-24,22979.189910458168,22937.220317873172,22944.093587090727,23012.91376717994,22984.061893650563,22962.08328933874,22966.900592585094
2023-01-25,22686.53899737075,22641.34489858523,22644.464338410646,22714.303630903363,22685.375953629613,22664.562597770244,22668.515867099166
2023-01-26,23167.09287807159,23122.34040920064,23121.450265260413,23192.703118432313,23167.759797060862,23147.19003120996,23150.582499291748
2023-01-27,23085.756030899007,23039.7322551026,23034.295727476012,23111.041375804693,23082.39801408723,23062.44485940924,23065.371798020322
2023-01-28,23132.990410150727,23086.154001267394,23075.526120186783,23156.835050411057,23128.335381730227,23108.738592463546,23111.371489743935
2023-01-29,23074.814993006177,23040.306553912815,23025.734707267256,23099.162263105623,23080.495473592076,23061.411365060136,23063.637981664855
2023-01-30,23817.730498119257,23778.48320040386,23766.589693409158,23842.739030401222,23825.52440833859,23806.541277193464,23808.13406902738
2023-01-31,22883.57208682224,22847.63986659539,22833.156162306783,22927.492875219556,22889.074778121663,22871.404087110655,22872.362497470574
2023-02-01,23173.578608043725,23147.95015094569,23131.33758148353,23206.238271378214,23188.885066814255,23171.371874034638,23171.909765449353
2023-02-02,23764.327223163564,23732.95235153055,23715.96682070056,23792.512005090248,23774.680874240585,23756.878024328034,23757.206083198544
2023-02-03,23524.34320814861,23484.27211817354,23463.64618145465,23555.169491107576,23522.412543245126,23504.574878375977,23504.938626836054
2023-02-04,23502.582584515447,23463.480850371765,23441.99418469437,23531.553872238146,23499.994065369247,23481.9890418048,23482.34685006691
2023-02-05,23366.122515519615,23348.268882341683,23324.408874206943,23403.440196832642,23382.382421978284,23364.20336816134,23364.701233925298
2023-02-06,22974.531644047704,22971.51051643258,22950.500817822875,23027.82553925109,23005.459890701808,22987.237346508773,22987.984418826643
2023-02-07,22775.35493833758,22776.272005503997,22755.810283505358,22827.814978759736,22809.378672854975,22791.021050227806,22792.147035062313
2023-02-08,23274.657684304286,23283.332628025208,23263.285687268595,23324.960155279376,23314.396580908215,23295.280088878702,23297.03282686835
2023-02-09,22953.139749187045,22958.85230642371,22939.239831315354,23004.213675232604,22988.902709235437,22969.197258087806,22971.67753066495
2023-02-10,21845.94153797906,21838.799103708006,21823.156496386044,21876.38922027219,21866.130749491043,21846.60220014397,21849.731241814792
2023-02-11,21680.181378325913,21672.42024452798,21656.71472435491,21693.914997527376,21697.931068092585,21677.553897711914,21681.629331788048
2023-02-12,21891.054816782475,21888.48410627246,21879.650873810053,21896.876719996333,21918.10463578999,21896.95232912898,21901.61663044989
2023-02-13,21800.58731943369,21803.51973460056,21797.140627736226,21805.659956121817,21835.32176409848,21814.851999767125,21818.815565351397
2023-02-14,21821.183395273983,21824.976398854516,21818.050722680055,21821.44596783165,21855.3542239666,21835.35971365962,21838.731561256573
2023-02-15,22229.23357111402,22240.997452990152,22230.905043634586,22236.438650758937,22269.015146888793,22248.71112649236,22252.001093006693
2023-02-16,24317.824444173602,24336.05690188124,24320.157109217253,24356.152593903244,24360.620878993068,24337.87377266679,24341.96535408497
2023-02-17,23656.902162982617,23650.7038440702,23634.863069930114,23662.10638531344,23674.852224203758,23652.39071050752,23656.626181495376
2023-02-18,24619.745635901578,24594.584411461838,24580.47807788104,24610.916365453973,24619.098448913544,24595.764575969428,24600.06060905289
2023-02-19,24687.657044408377,24666.06664603995,24654.780889505055,24689.792584491894,24694.983092507813,24672.332267770544,24675.833731016144
2023-02-20,24371.03939003218,24348.78416852886,24343.35231683799,24380.424052109942,24380.69955980382,24359.43326591747,24361.750430627028
2023-02-21,24878.26739958767,24851.604934358038,24844.54269612115,24882.7367959572,24883.38500642404,24862.99449543748,24863.953491744585
2023-02-22,24480.180207567522,24457.371101691155,24452.544193844777,24492.802411368582,24489.88354494609,24471.20804331475,24470.605043963995
2023-02-23,24225.94619328156,24209.76667907834,24204.93099108711,24243.460784133524,24241.964229531586,24224.928305469453,24222.745469566435
2023-02-24,23982.739952807315,23969.373949958943,23964.78349020239,23999.466012330726,24000.211105612107,23984.775399204344,23981.0556423245
2023-02-25,23228.07658420829,23218.729423260782,23215.58236137964,23247.321227117674,23249.348288944457,23235.66769568785,23230.63737445604
2023-02-26,23197.054063752294,23191.467843934894,23195.191990479827,23211.04724049568,23226.695286512375,23214.086232483387,23207.853536188602
2023-02-27,23569.31603469723,23575.607557304436,23580.35147769889,23588.1934112343,23613.50274615106,23601.12754587992,23594.23495816649
2023-02-28,23527.09693989018,23538.39764323784,23544.3340176763,23547.533546837512,23575.27495086193,23562.981580272317,23555.842227735557
2023-03-01,23151.881657495396,23160.50195926451,23167.27347672335,23168.829766799463,23199.27952032769,23186.889906069264,23179.803819339722
2023-03-02,23647.596588890534,23663.117389075924,23669.341494925786,23667.235785202123,23699.808042038698,23686.849611517042,23679.70654801
2023-03-03,23477.77555419295,23490.889295758912,23495.43125106441,23496.648595832055,23528.582207656465,23515.27816851763,23508.39387396956
2023-03-04,22384.344962337054,22376.808635037392,22386.32034915313,22382.05767233949,22413.485250173137,22400.45462836884,22394.056614389643
2023-03-05,22366.089668808272,22359.59306456265,22374.20109757106,22358.186088745715,22404.352482738905,22390.988877204945,22384.724104201887
2023-03-06,22435.749029779807,22439.54150147317,22458.634911500616,22437.784340752056,22486.85111486097,22473.03186151851,22467.01151329442
2023-03-07,22430.0091530364,22434.011884770356,22451.83834600635,22436.8033690257,22481.23984109424,22466.694176008925,22461.263616121374
2023-03-08,22227.776862537023,22225.586302505806,22244.535838737153,22232.412267681677,22270.894076791126,22255.756167990156,22250.99097150145
2023-03-09,21733.016001221025,21723.729269353207,21738.284609905444,21733.173930031713,21768.192702054046,21752.531859826995,21748.60694053187
2023-03-10,20388.21610545949,20374.221790925134,20384.36372433789,20388.36903552292,20410.038982764585,20394.675580043346,20391.64610831067
2023-03-11,20228.97056605271,20201.298141691834,20205.083577253157,20213.268107668962,20233.80042566592,20217.992080972763,20215.624078053283
2023-03-12,20670.75984897092,20652.52701981878,20652.918092236854,20644.609648033977,20679.88979120925,20663.21387300454,20661.415923711378
2023-03-13,22179.87609075196,22187.81574741518,22183.72570132045,22163.197527461918,22214.94268750213,22195.4383462416,22195.1080776616
2023-03-14,24220.546308504883,24224.550092694815,24223.407802680973,24251.63621196244,24253.39003097359,24230.714420370525,24231.550945885712
2023-03-15,24788.25867430307,24775.26999193942,24772.284630469512,24805.65459978534,24803.371329254005,24779.907332088333,24780.860169790685
2023-03-16,24416.587500317954,24404.720045733266,24406.634994942695,24427.606449334882,24432.49116803147,24411.16810688004,24410.238237764686
2023-03-17,25095.158895305358,25082.346702259965,25082.89024984371,25108.389201876707,25110.933721334673,25091.990192083642,25088.07784409076
2023-03-18,27451.26336146798,27471.11059680581,27463.84973209072,27491.43840265833,27487.57422341779,27469.587155582383,27462.555133969523
2023-03-19,27020.51717803115,26997.198591015767,27003.99743462447,27031.424259054475,27028.43148203334,27013.10434901854,27003.82384712808
2023-03-20,28073.096543692984,28067.818782584276,28082.208118602633,28105.30124811502,28103.533081157133,28090.38380173873,28078.096879740246
2023-03-21,27827.31487028068,27792.591789993457,27811.21448300546,27840.644693380455,27831.426030024886,27819.254746305523,27806.24600411975
2023-03-22,28231.048826811835,28200.957166886423,28222.174826865084,28252.565421686508,28240.749096246436,28228.680859377142,28215.353065361734
2023-03-23,27375.619763188064,27329.430308312178,27350.511632561684,27388.70607008785,27370.228986017406,27358.516415812075,27345.71983063221
2023-03-24,28373.694087795913,28358.538470164407,28378.402563610114,28413.952569309156,28398.8003293504,28386.593420030084,28373.66031106841
2023-03-25,27537.947035410907,27512.20590391243,27532.624448505696,27572.225937160663,27555.979592770804,27543.728466014843,27531.76247784309
2023-03-26,27502.68804688705,27508.836870433297,27533.907420169562,27570.269386279397,27557.109723945614,27544.25815831404,27533.150288912002
2023-03-27,27982.412993346574,28005.38950656401,28028.753133148653,28068.295428735204,28057.4896262954,28043.590254102135,28033.445214133942
2023-03-28,27125.9605897984,27145.385492188158,27173.649307524087,27217.701517873676,27200.88428892265,27186.27355288132,27177.78405523463
2023-03-29,27253.238169010612,27273.055540353293,27298.12753004674,27339.030012389878,27329.177399818785,27313.37291208515,27306.179302180884
2023-03-30,28329.994964669226,28357.660402793437,28380.224640300963,28413.136593136936,28411.568552669138,28394.100446681958,28387.9769783034
2023-03-31,28024.347318101674,28042.27473180741,28057.48019967228,28106.0040223971,28095.74450891465,28077.39100792259,28072.638881482184
2023-04-01,28468.328531979583,28486.92070122622,28502.96499810554,28549.65166139044,28541.323971960694,28521.78292819485,28518.163964912295
2023-04-02,28391.464189690305,28415.560000296682,28430.2657434484,28482.38950832747,28473.329659656156,28453.679101902526,28450.59705992462
2023-04-03,28172.659354820615,28199.70862647565,28215.333434112836,28266.245162095875,28260.74555252306,28241.43977148598,28238.558863537386
2023-04-04,27768.947221011505,27789.455434205243,27802.938743743813,27858.210374294547,27850.514618014917,27831.681051742984,27828.89162996621
2023-04-05,28141.335791608086,28167.68018019665,28180.937161414884,28230.41578812478,28228.78384970734,28210.224747581407,28207.283228952438
2023-04-06,28151.66096418444,28178.253101199865,28188.246356757358,28240.473293701187,28238.299970559776,28220.41288288124,28217.188168482855
2023-04-07,28019.78932376951,28042.758244019933,28052.187519846484,28102.26080236025,28103.755177929997,28086.782147129998,28083.15820279531
2023-04-08,27899.33206433896,27921.315260166302,27930.599902123213,27975.781386755407,27984.769745767117,27968.81707303226,27964.71238908358
2023-04-09,27913.334136870573,27940.90176538308,27949.86386831361,27987.464720980497,28006.15187166352,27991.32608800521,27986.67845470109
2023-04-10,28293.102656589122,28326.64861085941,28335.175268285442,28376.280208223965,28391.5636801403,28377.749448065646,28372.473694887012
2023-04-11,29613.239234814653,29652.80549066863,29656.75928832544,29719.889259137213,29713.38148847455,29700.41190098878,29694.23994684592
2023-04-12,30217.0659288764,30238.482678611763,30238.107831426896,30308.510620484594,30295.67210440291,30284.091488970444,30277.127981651574
2023-04-13,30129.961014635046,30139.322198504815,30143.051582061453,30214.244005158544,30198.395921470365,30188.573055724846,30180.992131539388
2023-04-14,30404.93342119595,30398.129640738247,30400.313011031598,30474.678059645463,30457.64958328288,30449.26036796486,30441.367620248813
2023-04-15,30499.57087825751,30480.700406160904,30488.21770448191,30567.442796770018,30543.093800516333,30536.039859959856,30528.124619088136
2023-04-16,30309.03038248187,30320.126118867192,30318.532236213796,30402.848990003113,30374.412099488545,30368.81363184657,30360.692420231644
2023-04-17,30295.088874641806,30315.12237400678,30317.36116770329,30398.633534839377,30370.062262902968,30366.105073076207,30357.54742420884
2023-04-18,29428.099803643185,29434.74797638913,29444.005925500765,29532.074908708688,29497.19130746834,29494.82899476611,29486.025606568204
2023-04-19,30377.17864605796,30385.538454283378,30397.025490293163,30469.48622075678,30450.49818646931,30449.483558682958,30439.86271306593
2023-04-20,28812.49730548216,28807.989363789093,28820.37417768594,28900.31798818335,28872.20176343154,28872.359816265292,28862.797619823366
2023-04-21,28246.87385069346,28232.292259534122,28245.10944617493,28303.71865428472,28293.543023645412,28294.984178481158,28285.30689110281
2023-04-22,27290.241966681555,27269.211848641047,27275.10385851958,27308.025301132817,27322.29358995566,27324.335633114446,27314.883054352365
2023-04-23,27816.39076307416,27815.510337352753,27818.196381926537,27833.506835997105,27863.23571205139,27865.67636489868,27856.222151219845
2023-04-24,27594.897577158175,27586.967438013526,27591.861692284467,27596.913825725438,27636.206004166743,27638.63997470471,27629.79216288426
2023-04-25,27522.719744698377,27521.77473715064,27526.26516364049,27532.32568079559,27569.833949122578,27571.645213589072,27563.65858730022
2023-04-26,28289.734589076834,28307.749510037247,28309.96320080245,28329.025912894867,28352.978316936642,28354.152652891353,28347.002026776318
2023-04-27,28411.245498578297,28429.904591404367,28425.479536886327,28450.99305949034,28468.12066331017,28468.46965306159,28462.2657672863
2023-04-28,29462.232802759507,29487.096433826722,29477.694176109508,29525.074387363857,29520.66488309065,29519.30865309108,29514.81131008733
2023-04-29,29329.294894383056,29349.5864050081,29347.155550938565,29387.563690600917,29386.79770924663,29384.160494903568,29381.096569486428
2023-04-30,29227.467018145602,29250.932451997418,29257.557165863458,29297.16946809087,29294.589316374622,29291.514054464176,29289.191917919554
2023-05-01,29247.967909376486,29269.124149966752,29278.08768292237,29320.54670687602,29315.0548419978,29311.757629602682,29309.538553324062
2023-05-02,28076.86890753347,28087.611780641484,28103.952132677194,28135.182816781104,28136.009964430006,28133.073087960016,28130.658620531438
2023-05-03,28660.223201366025,28678.302801728132,28692.438601217,28719.66740932665,28725.835260887397,28723.517188072437,28720.44351925142
2023-05-04,28982.470372742973,29005.48217442585,29020.862564190757,29054.99817744596,29052.15930604376,29050.60674421722,29046.668285597116
2023-05-05,28827.02930193208,28844.689850561786,28860.95763856545,28895.25737803243,28893.359096882865,28892.67131385766,28887.846515935846
2023-05-06,29510.959302301635,29534.185841949075,29552.34070805367,29592.523290590616,29581.137110627024,29581.40468937694,29575.475707602454
2023-05-07,28883.979860702297,28902.037049341598,28919.305172777502,28955.63318342995,28950.519765255973,28951.0676314889,28944.84125235118
2023-05-08,28435.292476199218,28446.756070623174,28473.825010851957,28494.835664458107,28500.307118166005,28501.070340164937,28494.584649222903
2023-05-09,27688.46955052577,27683.32099436177,27711.35825837124,27726.00003239326,27738.58502508141,27739.430187234655,27732.87027630303
2023-05-10,27653.440548588987,27649.706488882075,27681.450117869535,27667.819563495694,27703.257685994497,27704.098467650358,27697.34913412272
2023-05-11,27621.69329674705,27616.352423981996,27643.879980280297,27632.9842047072,27666.517773288768,27667.176327267196,27660.330658661434
2023-05-12,27007.831676300615,26994.53021307802,27028.302893746644,27006.59889701102,27044.786086284555,27045.252804292366,27038.554596194066
2023-05-13,26816.170952419052,26800.11884121748,26831.882753111422,26816.301963976584,26848.764071610058,26848.869519936852,26842.54581573303
2023-05-14,26787.33170123212,26776.24751095753,26816.585151122883,26780.267385811545,26827.7316031605,26826.907832141966,26821.671458225697
2023-05-15,26925.834334758227,26921.930509877508,26963.561142394552,26920.644751765067,26974.4668110786,26972.53416093206,26968.511551906122
2023-05-16,27180.775537355454,27186.1517668725,27229.777511123568,27193.74688641331,27236.86693768599,27233.81008846406,27231.00932735298
2023-05-17,27022.817189279012,27028.92158894101,27074.05675940914,27034.766535502276,27080.335202144925,27076.441794123966,27074.775492843473
2023-05-18,27380.50389476784,27393.552331042825,27438.54575630091,27405.95896062744,27443.177216285374,27438.258331421763,27437.36992724985
2023-05-19,26823.81093255419,26826.24830276461,26871.94899420999,26832.736761389067,26875.87693465408,26870.256909116404,26869.949838853674
2023-05-20,26877.22976032272,26883.04783931328,26928.797494053375,26888.936440473422,26934.028956815135,26927.941611358896,26927.98969465634
2023-05-21,27109.13511458924,27121.093194404617,27167.88413389586,27119.354866371956,27173.863982328214,27167.70625846926,27167.82592011988
2023-05-22,26733.068582816166,26742.6046036022,26790.7965909224,26734.529284327873,26797.63127070316,26791.616242207354,26791.565213333583
2023-05-23,26831.087530154502,26839.480346840573,26889.08983174106,26838.74093392887,26895.200391258113,26889.806838200893,26889.176256626844
2023-05-24,27200.89154104516,27216.723380388692,27263.57627763413,27223.88470747182,27270.155026783235,27265.55931450147,27264.176706145518
2023-05-25,26326.907184807584,26325.73306604242,26372.35248760041,26325.740914429887,26377.523005264113,26374.123083813116,26372.044830811676
2023-05-26,26463.918328276137,26466.5695445335,26513.47871313477,26476.967677819077,26518.67383451527,26516.467643843964,26513.67755435407
2023-05-27,26704.56748548511,26711.171972179553,26756.68193402677,26720.800794594456,26761.784604721004,26760.66023346316,26757.16289736936
2023-05-28,26848.610486618243,26859.78400327789,26901.9781617173,26859.75357518322,26910.751061855117,26910.757467769785,26906.526361131575
2023-05-29,28057.76208368002,28083.12873576209,28119.177405064227,28118.588144750567,28129.84770403942,28130.986047827173,28125.599003255134
2023-05-30,27720.476034311112,27744.2111366163,27775.49079972948,27767.235111971153,27789.409042552812,27791.472964492394,27785.40027109324
2023-05-31,27676.236059959396,27700.320298452978,27729.749434794066,27727.705263173673,27745.680103447987,27748.407867193455,27741.882369419793
2023-06-01,27199.485056990525,27216.78165590798,27243.73164227116,27240.09418098489,27262.107149197254,27265.47528908588,27258.573522666702
2023-06-02,26804.21850308613,26815.009018951794,26840.920644383878,26830.424269987736,26861.686392694246,26865.62533063395,26858.374103972223
2023-06-03,27232.446390342666,27245.560198283056,27266.907086784486,27268.690460715443,27291.880818626378,27296.415590953548,27288.609675550833
2023-06-04,27054.220468872227,27068.26378641324,27086.880622905213,27077.588342693634,27117.00065032253,27121.955026885495,27113.79240908241
2023-06-05,27094.461225698236,27109.9158394977,27127.17761345068,27118.812627945794,27160.934977177065,27166.117227134295,27157.74739236245
2023-06-06,25758.57451815158,25749.77808854892,25764.065185328946,25749.077936358517,25799.874284856487,25804.75385428872,25796.852575403173
2023-06-07,27223.653266151552,27237.52169856138,27242.92652313318,27265.14004364726,27280.891803333536,27285.879373500124,27277.660922919633
2023-06-08,26341.83977634739,26344.26124657155,26348.736726557836,26357.348492257763,26386.836409163894,26391.49718972505,26383.623485636897
2023-06-09,26497.85823265789,26505.16105203121,26511.654904827476,26516.726746062515,26549.376131508267,26553.951848709723,26546.09602484037
2023-06-10,26469.1860531345,26475.60521619022,26483.57905729115,26482.562597736716,26521.494261354208,26525.94837449491,26518.230226635933
2023-06-11,25848.90429972438,25847.36344573321,25858.013828520197,25851.40972831403,25891.36407230515,25895.579848825,25888.208403331228
2023-06-12,25931.14461110439,25934.241558562266,25947.617341117468,25936.791167328134,25980.324693351053,25984.49312587548,25977.269492064603
2023-06-13,25890.029844492674,25895.980070978403,25912.62495726347,25895.80869704485,25942.564446628094,25946.547732651234,25939.55382347107
2023-06-14,25908.226444456028,25913.25501780922,25928.532302567968,25915.230914988555,25958.82733281562,25962.54739568336,25955.81173368031
2023-06-15,25128.25192438159,25118.429511148715,25136.141003953293,25110.73211764102,25163.47124354774,25166.87966137333,25160.65585448267
2023-06-16,25569.11670234846,25572.682442147518,25587.74270015303,25576.01188880042,25615.683221331798,25619.10108735552,25613.058080701623
2023-06-17,26314.493129683076,26328.329110593535,26340.415389937116,26339.401661495678,26367.933566328837,26371.260353164515,26365.20622881921
2023-06-18,26494.148893952603,26511.652319767047,26524.47373324167,26513.491625323426,26551.387008358724,26554.686381212436,26548.65965321241
2023-06-19,26315.689840356587,26334.674525223207,26350.946663748706,26330.748553927406,26376.7095749469,26379.896188993473,26373.959354351042
2023-06-20,26825.03965325642,26850.182660907623,26866.659253127174,26860.404709912604,26892.38802403747,26895.61452330067,26889.545631829416
2023-06-21,28304.491593933664,28334.09349716641,28345.807962408755,28378.749619496986,28371.38122423645,28374.76150088897,28368.13264667429
2023-06-22,30014.8329420425,30064.81037798524,30046.780271636322,30095.841347200796,30074.0527314879,30078.000956086442,30070.38371044211
2023-06-23,29913.129915587604,29922.162142198533,29932.043034397066,29983.069944307208,29959.168240804225,29963.6718737334,29955.213744431734
2023-06-24,30701.725956387818,30704.6350084804,30717.71293574944,30769.241579230875,30743.784629032016,30748.281767424196,30739.532656036317
2023-06-25,30553.833734641783,30555.83666318748,30570.43619144149,30631.467245073058,30596.88941499777,30601.1720403973,30592.555805962533
2023-06-26,30476.054090610705,30484.433011585847,30503.54538119957,30565.991233705543,30528.475032895338,30532.344742712565,30524.03122528363
2023-06-27,30260.729069864494,30275.067841978977,30293.305706397397,30351.036089255707,30319.12884802348,30322.45597722684,30314.596446418902
2023-06-28,30677.964682411402,30693.227169401944,30710.71756976191,30766.22517165728,30736.8854914885,30739.629227165133,30732.224799152464
2023-06-29,30065.90312530473,30088.43030880345,30108.400275006425,30167.96945041325,30134.11591036478,30136.174595817458,30129.43544953596
2023-06-30,30421.72074269969,30447.866715029813,30468.31457845401,30519.074929510243,30493.8617049437,30495.400557285175,30489.04916200787
2023-07-01,30464.143470162526,30475.349987817113,30502.74228473939,30546.96888205153,30525.936451932415,30526.706684301607,30520.98443910596
2023-07-02,30563.377562519163,30594.279032945633,30619.520946834236,30660.88092766702,30639.01213864796,30638.982965676114,30633.96521451883
2023-07-03,30585.128195559606,30622.04347903328,30648.358348860405,30685.02906356193,30669.887701369822,30669.405864385888,30664.693352671806
2023-07-04,31123.136643605656,31158.95763801923,31184.696607513353,31224.203882911475,31206.565446240827,31205.618341302732,31201.127949655056
2023-07-05,30743.675210912013,30778.616681830026,30803.64642032981,30843.304356923793,30827.33331445977,30825.825366273988,30821.72712266445
2023-07-06,30476.63172840688,30512.670973511646,30536.678949054563,30572.920079408213,30563.764310553437,30561.67270662356,30557.944195270305
2023-07-07,29885.52411034447,29897.94086282642,29930.744978033938,29963.707756697433,29958.36311578704,29955.696143538225,29952.266160512343
2023-07-08,30313.71963020414,30337.854596027173,30359.844633452594,30388.701697122306,30392.344096610323,30389.197237072513,30385.83335273899
2023-07-09,30255.981709809043,30288.171521350276,30307.476741509512,30321.69745923998,30342.887700896244,30339.312660126016,30336.048178453
2023-07-10,30131.239166468382,30163.706499869004,30182.042432701215,30185.18234430626,30221.771486068144,30217.710821460932,30214.567313164473
2023-07-11,30373.545756094274,30408.303408781765,30421.830848637503,30438.75918331626,30465.89745383896,30461.223942722892,30458.14573408244
2023-07-12,30575.28589592455,30616.437573656556,30624.743835481117,30648.61315917736,30673.238095353357,30667.92690618406,30664.91540717054
2023-07-13,30351.197873929166,30386.72287278506,30392.81307961559,30425.51035305136,30444.092548669316,30438.2269657671,30435.267002066597
2023-07-14,31442.28244359442,31468.634406985715,31474.13518704148,31534.726316878106,31530.996592883952,31524.396407264518,31521.21075769607
2023-07-15,30315.68770915619,30323.766082673566,30330.622213465394,30386.98640684737,30387.673466367647,30380.802871164866,30377.57369141956
2023-07-16,30270.44639560813,30291.852002588334,30289.775366176385,30329.57455445407,30349.97254133178,30342.641111912206,30339.239039738197
2023-07-17,30217.811290787533,30241.54222958442,30243.630090633407,30266.12417910248,30303.730919827707,30296.032157583162,30292.48026961554
2023-07-18,30114.71897537762,30138.155094096437,30138.920545800356,30161.19051861344,30200.871822438203,30192.728566282894,30189.063022912014
2023-07-19,29827.389684375376,29847.995554693043,29851.04933079332,29867.95187473297,29911.252853795886,29902.860308289528,29899.29756950587
2023-07-20,29883.52352802339,29905.823619130184,29907.966795712127,29920.902524582343,29968.836933258688,29959.953983399086,29956.723171446938
2023-07-21,29763.729822582565,29784.243200040422,29787.60112912394,29803.852724561468,29846.722700200975,29837.549214402214,29834.61568777822
2023-07-22,29881.472394951386,29901.246104129823,29906.7653435471,29915.418569687754,29963.72261078935,29954.19586161431,29951.489722907776
2023-07-23,29741.642691178713,29762.300084850634,29773.179775650613,29763.48370151408,29826.508183401544,29816.801462038653,29814.331305523636
2023-07-24,30045.912209514063,30074.617407165002,30087.537256557494,30083.256940041203,30139.786884815432,30129.780950102024,30127.496440993622
2023-07-25,29154.114941484877,29166.23806617642,29184.947085747728,29168.102359630633,29230.58053746284,29220.59474174073,29218.56001847447
2023-07-26,29202.889896050096,29214.76396946609,29236.02093012072,29215.80922240764,29281.179341372102,29270.98464101553,29269.092733191326
2023-07-27,29330.79365258594,29344.04232584336,29367.706919848453,29351.221315063536,29409.10464954609,29398.64848586591,29396.84280298138
2023-07-28,29190.050539447227,29199.61958530289,29224.89677011594,29199.346233738237,29264.586720866617,29254.077484915964,29252.346838704078
2023-07-29,29298.18970416882,29308.28188192891,29337.057258378714,29311.874871967826,29373.333176291082,29362.75342838466,29361.047806654125
2023-07-30,29324.560506875627,29344.489077786682,29375.40994674526,29337.507341204444,29410.987056567334,29400.22923288122,29398.76989245275
2023-07-31,29243.684966942994,29261.76084566582,29297.249524251092,29253.93477016897,29329.000531997066,29318.321472456213,29317.03719340032
2023-08-01,29202.592483018176,29217.030512103345,29252.68740884005,29213.56866055366,29283.6262914869,29272.991595030297,29271.772019748576
2023-08-02,29645.26641278062,29667.532211809885,29701.963896263624,29687.933683529263,29730.10214943788,29719.425603287527,29718.0211669649
2023-08-03,29133.319833277143,29145.2987936266,29177.491163570667,29159.997085706098,29205.32043960155,29195.19027731009,29193.497862546472
2023-08-04,29160.83565106429,29171.230758839753,29206.04402173776,29185.107714660466,29232.093532238156,29222.31583508011,29220.253161862493
2023-08-05,29057.31509907928,29065.09604868188,29101.11196752172,29076.861052435124,29127.109697129345,29117.94931859942,29115.51625551656
2023-08-06,29022.275321489666,29030.392194592045,29069.152037977707,29027.400947690592,29094.792286301963,29086.32401093049,29083.505868595093
2023-08-07,29018.651018586243,29028.51961764507,29068.00786211621,29020.904818967683,29094.25026901532,29086.46409841953,29083.233997412026
2023-08-08,29156.080112761818,29169.23616278451,29206.959796965122,29172.166879903525,29233.021438099444,29225.768565466627,29222.154304236174
2023-08-09,29732.64713401394,29760.370182994287,29791.884615289047,29788.833057357,29818.84832310956,29811.921996268444,29807.89819778595
2023-08-10,29536.92654175742,29559.832572402083,29585.10144820786,29583.8046144729,29614.241443192586,29608.000430843094,29603.60952096875
2023-08-11,29404.840876325732,29426.506263973075,29451.658882665914,29445.58254044177,29481.80553897773,29476.336129319854,29471.519259877736
2023-08-12,29373.535679153865,29392.8716514213,29416.667075380683,29406.002940607723,29449.42696097307,29444.88515398465,29439.596892606933
2023-08-13,29382.299190225312,29407.606728529325,29431.50283768447,29410.655766156502,29467.151505330112,29463.620302465744,29457.872892838437
2023-08-14,29247.260823872406,29271.19720780244,29296.964513910003,29269.07305881288,29333.436344054528,29330.751922406256,29324.6360488981
2023-08-15,29374.570709736552,29398.197776828078,29421.54087738879,29409.347845362034,29458.694918049965,29456.836865440942,29450.344198588282
2023-08-16,29140.88732321933,29159.847718149656,29182.268102617934,29169.69217079482,29219.851586965844,29218.627550465986,29211.909259222448
2023-08-17,28684.41680013633,28689.165868118056,28712.86159600527,28695.95758277492,28749.827684243442,28749.471846296685,28742.673288602382
2023-08-18,26683.00291505875,26650.203889614204,26673.90240530949,26658.27610215638,26708.51167885121,26708.883582323324,26702.54850864876
2023-08-19,26078.71276370273,26036.798313682317,26058.82300245948,26048.983703708625,26091.848390565952,26092.71167762694,26086.68730029487
2023-08-20,26117.605028478196,26081.103165203123,26105.41337192431,26079.454382867436,26137.813500275603,26139.2040770757,26133.408451620257
2023-08-21,26209.309043838177,26175.217909490573,26199.708765609423,26157.025772502297,26230.76995848678,26232.412152421195,26226.92984719528
2023-08-22,26146.018162714317,26112.252012868412,26134.691670946777,26089.6535285376,26164.993228521198,26165.725074978545,26161.396281039342
2023-08-23,26053.142912372947,26022.279885130003,26043.1412496306,25995.798597816378,26072.25251186639,26070.952264677733,26068.783117219806
2023-08-24,26447.215509368107,26428.294372279197,26445.473063271493,26401.50386968162,26472.91737701744,26469.555369811133,26469.337957911193
2023-08-25,26176.588527720887,26166.224762286292,26177.561592666898,26130.185493108,26203.179398649372,26198.19555959897,26199.683226199122
2023-08-26,26062.643981768284,26054.946379389614,26064.71199434763,26013.971163177863,26087.95074231131,26081.19088737853,26084.808356830385
2023-08-27,26016.400043606758,26016.458952164045,26027.837605071487,25968.036118074553,26048.480403724825,26040.202201200882,26045.54427721165
2023-08-28,26093.882709617028,26095.66792642395,26111.296348819043,26049.21030263754,26129.54661401594,26120.318847001763,26126.884339474607
2023-08-29,26112.55508345412,26112.125614255667,26128.734868691536,26069.930265507544,26145.733135082526,26136.116759551922,26143.364830299746
2023-08-30,27730.436817236478,27737.361552240327,27752.807512466097,27730.106280959444,27769.321104866685,27759.738858195487,27766.918106132653
2023-08-31,27290.929916361347,27309.478215919808,27322.35464071855,27292.74244317785,27338.377768266946,27330.515892524272,27336.174750933424
2023-09-01,25939.689258375205,25949.44222289929,25953.78236939432,25925.855814240407,25970.456692894455,25964.96659305459,25968.435000723694
2023-09-02,25811.317272133194,25805.848702335265,25822.685007776134,25801.37050344562,25839.44442106574,25836.251858945237,25837.503663167823
2023-09-03,25869.304571510293,25871.78394761868,25890.721570356982,25863.957260351162,25907.642387156375,25906.732665823074,25905.67800583667
2023-09-04,25962.70453549153,25970.516821013298,25992.763337264303,25959.017421540106,26008.60151944356,26009.945102529135,26006.59233644232
2023-09-05,25807.626540955505,25811.91752870148,25834.826387624955,25797.96297192271,25851.319535217946,25854.67355217249,25849.2240438913
2023-09-06,25773.983509339392,25778.30905718461,25801.97433688771,25765.02201909665,25818.93847479578,25824.018496528035,25816.75034686271
2023-09-07,25746.795415661763,25750.887758995173,25772.648096239893,25740.649225599132,25792.283976180246,25798.77707906859,25789.972247350495
2023-09-08,26228.17724819295,26239.62131073,26257.20578457229,26232.52214442473,26280.093909646384,26287.523087868467,26277.628986514173
2023-09-09,25892.174327253597,25903.765865850146,25919.020003294572,25894.541428448283,25945.13995359419,25952.542356156046,25942.61998676462
2023-09-10,25880.918761819834,25890.659807186457,25908.954944364494,25875.65541770635,25935.277838942595,25942.07233770727,25932.647710388526
2023-09-11,25819.86106565455,25825.844420248177,25842.00070942752,25809.72046520328,25871.865131892264,25877.8731220169,25869.124429067597
2023-09-12,25163.30221525766,25155.89164875599,25172.079109644983,25136.766057978966,25201.421413437463,25206.475776746636,25198.613767112605
2023-09-13,25834.744956422597,25833.556240644306,25839.08099739626,25825.575523184612,25873.23347921297,25877.797408703715,25870.274008065462
2023-09-14,26218.66752966051,26232.61399612762,26234.393065608572,26223.38878610381,26268.927024162374,26273.032328606118,26265.828504205216
2023-09-15,26524.296296520042,26545.62805392081,26539.718120984267,26542.363037437666,26580.87567857071,26584.58995119785,26577.623317190213
2023-09-16,26592.06571738841,26614.339525482617,26607.238995801774,26609.651304411236,26650.138756207656,26653.466187807033,26646.747884539654
2023-09-17,26544.802900683135,26571.404095329344,26562.592984065413,26561.79010243155,26609.806224759668,26612.710534259677,26606.28431400284
2023-09-18,26502.999120622873,26533.62288278714,26527.65407225117,26523.42339705676,26575.81734391302,26578.211826995015,26572.148122809827
2023-09-19,26727.80957145989,26754.39606691897,26745.925129786134,26757.744893722236,26796.383976314217,26798.329485218972,26792.55355632305
2023-09-20,27184.827664942015,27214.020404563285,27204.764170049224,27231.076399332844,27254.10426294431,27255.580200110562,27250.036515237764
2023-09-21,27108.03938485449,27135.853499089368,27124.6010654103,27151.718169165775,27175.135133763775,27176.024590292014,27170.80752345547
2023-09-22,26549.550205762032,26569.276541880332,26561.932016961277,26583.072467084043,26610.22408939153,26610.433118561283,26605.628614765592
2023-09-23,26561.756459768745,26579.189719865448,26572.00349051261,26587.255216698628,26622.56849982799,26621.96014178754,26617.58439984033
2023-09-24,26552.974754853174,26575.753175206482,26574.628354059532,26572.445250481367,26622.739014046267,26621.21812911518,26617.40641125664
2023-09-25,26233.78112284059,26250.362602943787,26252.60059412336,26235.746799009503,26299.90202448098,26297.523180709686,26294.38686300069
2023-09-26,26274.878446792485,26290.967385716038,26296.372165666195,26283.58127112058,26341.803353976924,26338.58368517831,26336.100746825337
2023-09-27,26192.631698817015,26209.1803727746,26213.62929390371,26198.02134720981,26260.507827430964,26256.551147311926,26254.754076957703
2023-09-28,26329.207466584514,26345.808663340053,26349.066387067083,26339.316777050844,26396.245263569057,26391.58015292813,26390.411519151414
2023-09-29,26995.194079043344,27019.145455933176,27013.63394953031,27031.068799562752,27066.205860838294,27060.803875895217,27060.18862298876
2023-09-30,26883.980028042803,26910.386122249067,26903.754923521774,26914.158879725263,26956.339334909804,26950.295223442838,26950.19897962967
2023-10-01,26931.16251613514,26963.874979206128,26962.1646917162,26958.964332324802,27012.8046325834,27006.236742842942,27006.47142514889
2023-10-02,27945.903954058886,27981.48324035108,27979.051352515817,27999.475540816784,28030.713123381138,28023.250663727522,28023.74438032508
2023-10-03,27507.345645477064,27531.61876528617,27529.237728452543,27553.46326034423,27577.552592334338,27569.482337925117,27570.12231336627
2023-10-04,27404.01053924777,27429.921292230603,27429.654794708127,27453.865195400314,27477.140402332647,27468.468605650356,27469.16509610787
2023-10-05,27770.939333302667,27799.530403038952,27801.68115403969,27827.927606930025,27847.69860919565,27838.42950203223,27839.10223308485
2023-10-06,27391.848121540388,27414.812349507236,27419.366629970027,27438.9760183997,27463.857064085547,27454.470703490544,27455.06878983765
2023-10-07,27919.717496491736,27944.45050833351,27951.951367191505,27979.499491507187,27995.62392271869,27985.999236402567,27986.505623498466
2023-10-08,27933.591257235035,27967.351147772046,27974.75461791549,27987.384361173026,28018.028492714744,28008.329463375732,28008.776238876395
2023-10-09,27896.21066690376,27931.36676711496,27942.92895144131,27947.607773151714,27984.475556180812,27974.535141372588,27974.97471750481
2023-10-10,27549.276265566703,27578.704285553307,27593.151126808254,27595.854052382754,27632.794035234256,27622.59065560205,27623.054296120303
2023-10-11,27357.73832815024,27384.022070544306,27404.47894936893,27397.775362421293,27440.165019388776,27429.592094626743,27430.117802127264
2023-10-12,26850.137827105355,26865.673440028913,26888.107896633446,26873.14091373235,26922.103963103145,26911.15102762822,26911.67640973348
2023-10-13,26735.94164806162,26747.113428635406,26769.7265159667,26741.70057734812,26805.855783221312,26794.436804076657,26794.988615080016
2023-10-14,26844.684199489653,26854.916972234845,26876.85555025935,26855.661494113505,26912.10265700519,26900.06221716106,26900.712272822857
2023-10-15,26834.535060046474,26851.55136491661,26874.656586555764,26834.41497885855,26911.657603261527,26899.21078786254,26900.046552930493
2023-10-16,27126.752629364608,27149.265857134014,27173.46429883223,27135.78252686211,27210.28322832007,27197.264505538624,27198.413882954046
2023-10-17,28491.330173109658,28519.341004816117,28532.68176262849,28555.983891590266,28572.79583027074,28558.645923539065,28560.169027387165
2023-10-18,28391.436525376746,28419.98571071704,28430.920306146378,28444.852769281715,28469.00846940768,28454.59160504979,28456.305640144972
2023-10-19,28304.71122888045,28332.5259017332,28341.778885842534,28358.630123326322,28381.543078502174,28367.02534905472,28368.781389834592
2023-10-20,28700.016129221185,28720.522187183844,28735.178908803035,28761.120039311936,28773.900591006503,28759.089804338757,28760.805061879335
2023-10-21,29683.69230024051,29677.446877236944,29698.08685025666,29738.443252157886,29739.087256116327,29723.73731561238,29725.326094608754
2023-10-22,29912.158159299637,29916.477254561265,29934.208371070912,29981.21910157753,29975.30932383309,29959.787686691387,29961.125143935904
2023-10-23,29990.11176354543,29989.41453108273,30008.123602165142,30057.00496112695,30051.198266155552,30035.65534556401,30036.713708686875
2023-10-24,33085.24241209682,33111.27207086235,33103.868832813576,33154.27553620376,33149.692391498014,33132.67717096396,33133.45417570323
2023-10-25,33930.532306402456,33884.61620173813,33914.47591562383,33974.78134305868,33966.94511307636,33949.51061274437,33949.89050218137
2023-10-26,34533.532506856136,34490.454407540616,34514.50139351934,34591.008361139335,34569.63280548528,34551.88907889463,34552.01247059554
2023-10-27,34192.39468009863,34153.02250868874,34166.13163592946,34257.34379909746,34223.043041875586,34205.25339226704,34205.314469113946
2023-10-28,33943.69599718461,33912.69511334412,33918.83950549923,34012.901256194804,33975.93384418264,33958.01000548806,33958.07468330022
2023-10-29,34111.051369636785,34105.76843753597,34097.1857047691,34181.879233933054,34156.26920462586,34137.839899181854,34138.07966302335
2023-10-30,34553.08044192102,34554.80559385521,34547.16798803676,34625.705632773694,34606.34605187969,34587.10999021726,34587.58759791264
2023-10-31,34518.835855119396,34515.064232088625,34508.62327062059,34591.17122506723,34570.832429116126,34550.65404025139,34551.37792864116
2023-11-01,34684.27907451987,34677.98493956402,34677.22865151614,34753.828645873815,34736.97954002023,34716.05557069555,34716.99783121422
2023-11-02,35458.190279765055,35437.11238717963,35444.05527052749,35523.719946021214,35508.31337737525,35487.76987769734,35487.53330850508
2023-11-03,34962.56557159126,34941.236795918085,34945.2726450935,35040.72526779957,35008.675877288915,34989.14220068138,34987.79691762291
2023-11-04,34750.49236281775,34732.311797502916,34738.63421226852,34827.181142312475,34802.61191558093,34783.8972366415,34781.574463436846
2023-11-05,35080.8549418929,35095.21426320169,35087.18876805343,35167.50226926617,35153.34996307455,35135.103357899,35131.93330822606
2023-11-06,35035.130757010775,35059.232754269615,35052.32617518166,35135.72740033269,35120.773591164034,35102.874144816305,35099.04272737913
2023-11-07,35011.637951456476,35045.866664505564,35040.269779150374,35123.30416785274,35109.36625260627,35091.34762318665,35087.03718610713
2023-11-08,35427.21730643138,35439.104911990464,35446.11029674858,35528.29892420024,35516.738771788776,35498.44787274301,35493.804375849664
2023-11-09,35650.38296176656,35651.53695630282,35655.834151426796,35740.218142323196,35729.12874363037,35710.69033369189,35705.81932913
2023-11-10,36706.10751092434,36676.1794988811,36692.5979135558,36786.959509551525,36769.22228522599,36750.31278565526,36745.14252692461
2023-11-11,37345.48849470168,37310.54143370129,37312.21839443408,37408.532432276756,37391.3358004652,37372.270936537534,37366.86640791595
2023-11-12,37172.47226629546,37148.950549247675,37134.74144876492,37235.134864280466,37214.94682932133,37196.18435297115,37190.69905136712
2023-11-13,37075.660455998965,37071.93230295088,37050.50646603177,37149.56534776138,37131.25587574206,37112.6018587728,37107.04938438721
2023-11-14,36512.28105745604,36505.46673395159,36498.85475147073,36602.89067324996,36577.86565762153,36559.637559818104,36554.09820233332
2023-11-15,35528.18070608191,35529.100008547306,35535.49276163615,35642.84780207649,35611.023838389665,35593.45541754179,35588.015858253464
2023-11-16,37870.57068605861,37867.17712452891,37878.18870109599,37965.70781753911,37957.40341347642,37940.12176347757,37934.27842532797
2023-11-17,36149.61047993554,36159.29932484357,36154.056228833506,36263.97160573164,36227.09106930904,36211.28635655204,36206.010935659055
2023-11-18,36586.29608921567,36598.69914481882,36596.454553855816,36688.404255375266,36668.868243067525,36653.097210353706,36648.54695112258
2023-11-19,36560.69947290234,36598.63454458304,36586.850161543116,36668.961404878646,36656.88044965267,36641.6549569834,36637.55528264679
2023-11-20,37342.2438190924,37398.58475579135,37386.582529589534,37465.18307221681,37458.28836596571,37443.193104121834,37439.61873152107
2023-11-21,37434.55055855028,37490.01136260573,37480.27645910671,37563.57935522543,37547.951685450505,37533.132651533,37530.17509939149
2023-11-22,35786.19627974555,35820.76725346595,35815.746510632336,35910.107444398105,35881.35771460086,35866.8633082062,35864.63044383377
2023-11-23,37396.2265903526,37440.46566043561,37436.962768564,37521.06787174381,37502.22365215933,37487.21699564438,37485.42315802351
2023-11-24,37254.54791946057,37300.14749130607,37292.2393573313,37372.65427785041,37358.59389124997,37343.706684571225,37342.48423553072
2023-11-25,37687.42228755541,37732.80430308357,37724.75537488982,37810.42924576998,37789.322168149054,37774.36645017564,37773.72793184966
2023-11-26,37748.716842058115,37803.92553749913,37801.370789248496,37880.81129437545,37865.289058531635,37850.451693471055,37850.33905025013
2023-11-27,37430.34547269577,37481.833084404934,37484.88016451476,37564.06403663568,37546.53662421508,37531.89544896595,37532.20819912385
2023-11-28,37210.96550345421,37256.9747078605,37260.18114083167,37340.22649799567,37321.44976862986,37306.47013094043,37306.931999401655
2023-11-29,37786.05767088616,37837.84164318256,37838.54066479858,37923.32973191328,37899.31946685724,37884.288247204386,37884.6670718221
2023-11-30,37816.97632817831,37866.66538254637,37866.250178822316,37955.685963600874,37926.33286554366,37911.976745476015,37912.12116416264
2023-12-01,37679.035014798166,37719.15697573777,37720.743961250875,37812.60929262405,37779.92548333155,37766.397892937995,37766.17760316422
2023-12-02,38651.846614703536,38700.98579093814,38697.844979166985,38797.230225652456,38757.22523108125,38744.348364025354,38743.559702038765
2023-12-03,39432.2020273658,39491.67811951088,39486.28981191851,39588.15470811445,39545.74472730886,39533.777507913765,39532.243369682226
2023-12-04,39935.15532782674,39995.94304998778,39988.16527166031,40093.63709283993,40048.1857007388,40037.39117383212,40034.97014969587
2023-12-05,41977.30769342859,42009.55866276054,41992.273404311854,42108.03058820777,42052.896919322666,42043.13830496976,42039.465062438976
2023-12-06,44095.98726520408,44121.82522882894,44093.843297508545,44205.98121570144,44156.575371894054,44148.23596813716,44142.944361594506
2023-12-07,43784.74936018232,43786.71019366477,43759.23766497988,43879.40129557159,43821.54106289148,43815.027549541555,43808.22721214499
2023-12-08,43337.981817618944,43330.5088521922,43307.160996121354,43434.144638611004,43366.66603159811,43362.11412862409,43353.763812283985
2023-12-09,44210.18054021988,44208.57995918486,44181.74390150234,44306.49445098825,44241.59194303211,44239.175276272,44228.89259613585
2023-12-10,43749.649322636425,43763.96817971952,43744.12923903577,43869.02699461207,43799.820054134354,43799.52815169655,43787.60706463829
2023-12-11,43764.63733816799,43814.69225731632,43799.32767781755,43913.78440097906,43853.15589553164,43854.93555640429,43841.350637778174
2023-12-12,41232.88757299166,41266.57644450385,41263.56253933208,41393.98154191999,41313.11743366532,41316.07233906211,41301.85339329252
2023-12-13,41431.25566200423,41472.2556971102,41470.541082806885,41578.77919898601,41519.928892494645,41524.02024881495,41508.475071298424
2023-12-14,42859.03918660479,42922.04381986521,42913.43357012607,43005.47734435648,42962.916941251606,42968.157740528695,42950.96280592494
2023-12-15,42998.57455532625,43055.9459521221,43043.25203051744,43143.96227077162,43096.407506683376,43102.387754194904,43084.32391908718
2023-12-16,41915.78723799158,41953.495293122716,41953.09042137489,42043.29684647452,42000.345452288166,42006.5184968384,41988.524196934886
2023-12-17,42202.804767088965,42259.02013300918,42260.72713847738,42337.67834073398,42311.18702578358,42317.405762518756,42299.27323540673
2023-12-18,41330.73595773196,41376.05479311757,41387.425799526274,41456.046322155744,41434.43352029566,41439.911919306964,41422.55954656098
2023-12-19,42576.23635901185,42641.05877050012,42644.950909806415,42715.73601773847,42695.5944508845,42700.40627323836,42683.166026937775
2023-12-20,42229.8068652791,42287.513946017716,42294.019346055575,42364.475196814165,42342.127056482714,42345.896258053835,42329.635277478956
2023-12-21,43601.21158361435,43674.38676828146,43676.33817592263,43763.048323988914,43726.20574772358,43729.17709109187,43713.27441975474
2023-12-22,43829.02292770031,43894.26493329462,43891.6082911687,43979.17811872484,43943.449419897515,43945.57787136454,43930.469526675995
2023-12-23,43958.927055798005,44022.48022012506,44022.03964359593,44116.186651904136,44072.34928725567,44073.73395634722,44059.39423931576
2023-12-24,43697.11013595108,43760.180613406934,43765.499056446366,43847.78371292213,43813.42761371937,43814.15759609733,43800.673778744414
2023-12-25,42977.006535793655,43031.88041594438,43039.90048402734,43121.675436533056,43088.82597608585,43088.800336482,43076.24718643911
2023-12-26,43563.69726474956,43629.502165978774,43639.67678806186,43722.34234305471,43686.848145322874,43686.26584707387,43674.12596840039
2023-12-27,42491.058904508594,42536.04474373255,42545.046980404295,42625.06855153991,42592.39996181615,42591.06686032703,42579.88502806472
2023-12-28,43405.17975741206,43460.183706569485,43468.84264668729,43552.0606543147,43516.482353711035,43513.80491827987,43503.65966487629
2023-12-29,42610.610935743665,42641.76390748238,42651.297057304066,42730.03193115117,42700.1976440493,42696.239049320575,42687.549451135565
2023-12-30,42090.87818397512,42113.15843556216,42126.126600918826,42192.302385900635,42170.922980165575,42165.60322193103,42158.386417835485
2023-12-31,42140.96147558279,42165.52609210275,42181.38152686553,42231.72190405056,42228.56589358114,42221.75132320449,42215.99210664723
